{
    "parent": "item/generated",
    "textures": {
        "layer0": "item/bow"
    },
    "display": {
        "thirdperson_righthand": {
            "rotation": [ -80, 260, -40 ],
            "translation": [ -1, -2, 2.5 ],
            "scale": [ 0.9, 0.9, 0.9 ]
        },
        "thirdperson_lefthand": {
            "rotation": [ -80, -280, 40 ],
            "translation": [ -1, -2, 2.5 ],
            "scale": [ 0.9, 0.9, 0.9 ]
        },
        "firstperson_righthand": {
            "rotation": [ 0, -90, 25 ],
            "translation": [ 1.13, 3.2, 1.13],
            "scale": [ 0.68, 0.68, 0.68 ]
        },
        "firstperson_lefthand": {
            "rotation": [ 0, 90, -25 ],
            "translation": [ 1.13, 3.2, 1.13],
            "scale": [ 0.68, 0.68, 0.68 ]
        }
    },
    "overrides": [   
        {
            "predicate": {
                "custom_model_data": 0
            },
            "model": "item/bow"
        },
        {
            "predicate": {
                "pulling": 1,
				"custom_model_data":0
            },
            "model": "item/bow_pulling_0"
        },
        {
            "predicate": {
                "pulling": 1,
                "pull": 0.65,
				"custom_model_data":0
            },
            "model": "item/bow_pulling_1"
        },
        {
            "predicate": {
                "pulling": 1,
                "pull": 0.9,
				"custom_model_data":0
            },
            "model": "item/bow_pulling_2"
        },
	{
            "predicate": {
                "pulling": 1
            },
            "model": "item/bow_pulling_0"
        },
        {
            "predicate": {
                "pulling": 1,
                "pull": 0.65
            },
            "model": "item/bow_pulling_1"
        },
        {
            "predicate": {
                "pulling": 1,
                "pull": 0.9
            },
            "model": "item/bow_pulling_2"
        },
	{
            "predicate": {
                "custom_model_data": 1
            },
            "model": "item/arcos/bow1_1"
        },
        {
            "predicate": {
                "custom_model_data": 1,
                "pulling": 1
            },
            "model": "item/arcos/bow1_2"
        },
        {
            "predicate": {
                "custom_model_data": 1,
                "pulling": 1,
                "pull": 0.65
            },
            "model": "item/arcos/bow1_3"
        },
        {
            "predicate": {
                "custom_model_data": 1,
                "pulling": 1,
                "pull": 0.9
            },
            "model": "item/arcos/bow1_4"
        },
	{
            "predicate": {
                "custom_model_data": 2
            },
            "model": "item/arcos/bow2_1"
        },
        {
            "predicate": {
                "custom_model_data": 2,
                "pulling": 1
            },
            "model": "item/arcos/bow2_2"
        },
        {
            "predicate": {
                "custom_model_data": 2,
                "pulling": 1,
                "pull": 0.65
            },
            "model": "item/arcos/bow2_3"
        },
        {
            "predicate": {
                "custom_model_data": 2,
                "pulling": 1,
                "pull": 0.9
            },
            "model": "item/arcos/bow2_4"
        },
        {
            "predicate": {
                "custom_model_data": 3
            },
            "model": "item/arcos/bow3_1"
        },
        {
            "predicate": {
                "custom_model_data": 3,
                "pulling": 1
            },
            "model": "item/arcos/bow3_2"
        },
        {
            "predicate": {
                "custom_model_data": 3,
                "pulling": 1,
                "pull": 0.65
            },
            "model": "item/arcos/bow3_3"
        },
        {
            "predicate": {
                "custom_model_data": 3,
                "pulling": 1,
                "pull": 0.9
            },
            "model": "item/arcos/bow3_4"
        }, 
	{
            "predicate": {
                "custom_model_data": 4
            },
            "model": "item/arcos/bow4_1"
        },
        {
            "predicate": {
                "custom_model_data": 4,
                "pulling": 1
            },
            "model": "item/arcos/bow4_2"
        },
        {
            "predicate": {
                "custom_model_data": 4,
                "pulling": 1,
                "pull": 0.65
            },
            "model": "item/arcos/bow4_3"
        },
        {
            "predicate": {
                "custom_model_data": 4,
                "pulling": 1,
                "pull": 0.9
            },
            "model": "item/arcos/bow4_4"
        },
	{
            "predicate": {
                "custom_model_data": 5
            },
            "model": "item/arcos/freecasebow"
        },
        {
            "predicate": {
                "custom_model_data": 5,
                "pulling": 1
            },
            "model": "item/arcos/freecasebow1"
        },
        {
            "predicate": {
                "custom_model_data": 5,
                "pulling": 1,
                "pull": 0.65
            },
            "model": "item/arcos/freecasebow2"
        },
        {
            "predicate": {
                "custom_model_data": 5,
                "pulling": 1,
                "pull": 0.9
            },
            "model": "item/arcos/freecasebow3"
        }
    ]
}